customer_id,first_name,last_name,email,phone,address,city,state,zip_code,country,registration_date
1,Warren,Taylor,tommy79@example.org,(731)384-3222,5177 Clark Estates,Johnsonton,DC,75669,USA,2025-05-22
2,Dylan,Jackson,dennishunt@example.net,(986)999-0413,36929 Cindy Pass Suite 257,East Nicholasberg,CT,02671,USA,2023-09-24
3,Gregory,Valenzuela,mserrano@example.org,+1-808-781-1729x806,863 Clarke Light,Briannashire,CT,56270,USA,2023-06-09
4,Carmen,Stephens,thomas31@example.com,830-709-8180x635,69448 Cunningham Ridge,Victoriafurt,WV,27199,USA,2024-08-16
5,Timothy,Hinton,jwhite@example.net,001-556-821-3721,902 Oconnell Avenue Apt. 279,Davisview,IN,49107,USA,2023-03-18
6,Christina,Meyer,ramseysarah@example.com,001-590-427-7038x430,3021 Chan Knoll,Sullivanborough,NC,02515,USA,2025-11-11
7,Maria,Herman,calhounandrea@example.net,(854)339-3769x042,451 Walter Via,Heatherfurt,OK,63891,USA,2023-11-26
8,Michelle,Olson,susan77@example.net,516-633-5658x804,5182 Edwards Forge,Ianborough,NM,97115,USA,2023-09-20
9,Jermaine,Conley,jillsalas@example.org,+1-752-711-1790x807,472 Sanders Terrace Apt. 086,Ayerston,NY,46020,USA,2024-07-17
10,Steve,Norris,stephenmartinez@example.net,4366915594,7955 Victor Fords,Haynesstad,MN,53007,USA,2024-01-22
11,Gina,Olsen,iwhite@example.net,001-943-486-6322x7026,4489 Raymond Spurs Apt. 034,Combsville,NV,98096,USA,2024-04-16
12,Maurice,Jenkins,michael88@example.com,(993)399-8245x587,472 Danielle Junction Suite 996,North Fernandobury,MD,42034,USA,2025-08-24
13,Pam,Norman,jennifer96@example.com,(598)476-2202x341,11780 Kelli Pine Apt. 149,North Diana,FM,51598,USA,2024-03-08
14,David,Rose,johnmitchell@example.net,(900)455-7784,979 Mills Route,Reginafort,ND,30271,USA,2023-04-02
15,Eric,Smith,aparker@example.com,525.247.8077x40649,68663 Jennifer Rue Suite 634,South Colleenhaven,WV,80876,USA,2025-10-26
16,Jacob,Jones,justin84@example.com,(541)779-7497,08021 Adams Stravenue,Acostabury,CO,20251,USA,2022-12-06
17,Kristi,Jimenez,arobinson@example.com,(470)551-2046x187,0136 Wright Bypass Apt. 718,South Paul,ME,42845,USA,2023-07-18
18,Jon,Little,garnerandrea@example.org,450.631.3650,3009 Barker Drives,Kellibury,GA,66026,USA,2023-04-04
19,Deanna,Miles,sarah00@example.com,227-835-8573,240 Mann Points Suite 873,New Michael,VA,61894,USA,2024-01-15
20,Lori,Weaver,caseymoore@example.com,808.562.0959x351,294 Ortiz Islands Apt. 181,Port Sharonburgh,VI,04600,USA,2023-09-23
21,Darlene,Price,washingtoncorey@example.net,389.994.0539x1037,8650 Rice Street,Port Kevinborough,NC,13230,USA,2023-04-20
22,Diane,Hudson,amandalopez@example.net,(388)461-9576,685 Amanda Rapid,Mahoneymouth,OH,43054,USA,2024-06-13
23,Marcus,Allen,bduran@example.net,+1-236-284-5776,082 Smith Forges Apt. 504,North Benjamin,MI,20962,USA,2023-06-17
24,Jonathan,Evans,michael93@example.org,001-369-631-5727,961 Sandra Isle,Nicholechester,MT,16300,USA,2023-11-01
25,Kevin,Williams,walterscrystal@example.org,+1-992-358-3206,4622 Miller Ports,New Raymondland,MO,66275,USA,2024-09-18
26,Tony,Pearson,kathleencastillo@example.org,789.383.3146,665 Lee Key,Port Kevinstad,RI,58462,USA,2025-07-09
27,James,Brooks,scottglass@example.org,001-211-703-9240x51477,833 Dunn Road,Lake Holly,AK,49863,USA,2025-05-07
28,Kristina,Williamson,scottbrian@example.org,6708164510,8157 Jacob Parkway,Castrotown,AZ,32927,USA,2025-02-13
29,Michael,Bell,matthew62@example.org,+1-743-884-0460x8432,68936 Ashley Meadow,Reneemouth,NV,71572,USA,2023-06-06
30,Lauren,Huffman,denisecarpenter@example.net,782-462-9251x8812,6647 Hernandez Field,East Jackview,PA,74824,USA,2025-06-22
31,Michael,Watts,caitlynhall@example.org,528.297.5267x7223,46333 Gregory Mill Suite 573,Sullivanton,PA,96882,USA,2024-06-26
32,Alicia,Liu,phillip99@example.net,8812770388,034 Sanders Hollow Suite 726,Christieton,UT,68261,USA,2023-06-22
33,Jennifer,Wilson,cgallegos@example.org,001-398-626-6570x27937,211 Jasmin Roads Suite 186,South Andrea,AZ,22899,USA,2024-04-17
34,Brett,Parker,fernandothomas@example.net,001-974-221-2309x4077,39776 Miller Rapid Apt. 384,North Jack,AR,86127,USA,2024-05-09
35,Mary,Evans,thomasantonio@example.net,401-962-2499,14556 Katherine Ville Apt. 472,Lake Michelemouth,NC,54733,USA,2025-02-06
36,Ashley,Krause,heathersalazar@example.org,917.994.6954x89952,93430 Andrew Road Apt. 396,Williamsstad,OH,84059,USA,2023-10-09
37,Kristy,Parker,davidsonhannah@example.com,785.901.5569x90235,27278 Ford Via Suite 084,Angelatown,IL,76181,USA,2025-10-13
38,Juan,Johnson,lauren51@example.org,(882)399-6291x4504,57438 Thompson Landing Apt. 317,Port Timothyhaven,FL,25432,USA,2024-04-25
39,Kimberly,Thomas,hoconnor@example.com,282-630-7681,915 Small Cove,Andrewport,SC,28005,USA,2024-03-26
40,Kendra,Lambert,jameshill@example.com,722-741-0988x138,49321 Austin Junction Suite 020,Bergerton,CT,50780,USA,2023-02-05
41,Patricia,Soto,simmonsharold@example.net,001-379-954-5381x792,4773 Douglas Ridges,Robertafurt,HI,92200,USA,2025-09-12
42,Anthony,Alvarez,kristina57@example.com,(377)724-5992x816,8769 Allen Gardens,South Patrick,MA,27795,USA,2025-10-27
43,Kristin,Stephens,bmueller@example.net,721.397.1997,46191 Murphy Rue Apt. 132,Port Dwayneberg,NV,70133,USA,2024-02-09
44,Jamie,Rich,cgilbert@example.org,294-765-1909x8624,85140 Ryan Ramp,Garrettfurt,MO,50513,USA,2024-09-20
45,Angela,Bridges,elainewells@example.org,(462)342-2010x276,679 Hanson Motorway,Arnoldmouth,MS,47071,USA,2023-10-30
46,Melanie,Young,rogersmith@example.com,346.489.5009x75197,8189 John Roads Apt. 894,West Amandatown,NJ,60012,USA,2025-01-18
47,Michael,Levine,vberry@example.com,242-609-4940x7929,7128 Melissa Harbors,Davidview,KY,34180,USA,2022-12-06
48,Edward,Griffin,munozrenee@example.net,(443)472-8051,6372 Becky Ville Suite 041,East Stevenfort,ME,62926,USA,2025-02-18
49,Jose,Moreno,noahthornton@example.com,(704)676-5801x85694,49673 April Springs Apt. 580,Port Carloschester,CT,69348,USA,2023-04-24
50,Johnathan,Johnson,ubell@example.com,+1-410-393-9111x926,4717 Hammond Square,Jonathanland,KY,08678,USA,2024-06-30
51,Stephanie,Baker,dcook@example.com,517.339.6271x286,410 Chad Stream Suite 707,Lake Danielle,AZ,87612,USA,2024-07-12
52,Adam,Zimmerman,edward56@example.net,001-777-766-1830x67198,0158 Miller Mount Suite 328,South Donnaport,UT,51632,USA,2023-04-28
53,Austin,Johnson,tom73@example.org,001-937-261-8478,0506 Jason Shoal,Bentleyside,FL,97632,USA,2025-05-01
54,Tracy,Smith,sandyjohnson@example.org,+1-303-320-2041x792,9931 Ronald Valleys,Nguyenshire,ND,18501,USA,2024-03-27
55,Bryan,Hill,kathrynwatkins@example.com,001-462-258-2739x02196,00219 Butler Valley Suite 232,Alexandrachester,IA,23379,USA,2025-06-19
56,Stephanie,Burton,carlsonjennifer@example.net,556-908-3318x1958,0312 Jimenez Estate,North Deannaport,IL,57474,USA,2023-12-09
57,Joy,Buckley,christina70@example.org,(720)878-1137,531 Perez Freeway,Kanefurt,MH,29423,USA,2023-03-08
58,Dustin,Reilly,drichards@example.com,226.252.7354x352,17762 Robinson Hill Apt. 929,North Robert,NC,64623,USA,2023-10-16
59,Jessica,Fitzgerald,rhood@example.org,235.869.3929,78068 Mendoza Union,South Tylerland,OH,99208,USA,2022-12-03
60,Kenneth,Holland,idodson@example.com,907-942-7990,625 Padilla Alley,South Patriciamouth,NC,04788,USA,2024-02-17
61,Amy,Norton,smullins@example.net,+1-719-750-8501x65790,818 Devon Isle,New Daniel,NJ,97150,USA,2025-05-03
62,Michael,Adams,karenhodges@example.com,+1-664-901-5577x88178,137 Christopher Fall Suite 112,Danielberg,NM,20227,USA,2023-09-27
63,Sarah,Wells,cartertara@example.net,(970)943-1038x56955,9242 Perez Landing Suite 025,Stephenburgh,RI,21576,USA,2025-02-22
64,John,Williams,ian22@example.org,992-474-5238x05525,06727 Moore Streets Suite 474,Port Annette,PW,58448,USA,2024-04-23
65,Erica,Wilson,dennisrachel@example.org,5695375150,01871 Lee Island Apt. 562,Woodstad,AL,37810,USA,2024-05-02
66,Jason,Barron,kyle78@example.org,001-667-942-6629x9123,96106 Perry Point Suite 923,Port Patrick,OH,64803,USA,2023-01-18
67,Jodi,Walker,mary47@example.net,9245471462,47195 Cunningham Ways,Courtneyfort,UT,16175,USA,2024-06-15
68,Dustin,Murray,brucefrancisco@example.org,001-325-520-4565x044,92855 Nelson Square,Codyshire,MI,19338,USA,2022-12-04
69,Robert,Mccall,aprilwatson@example.com,(313)828-3389,12075 Vazquez Dam Suite 985,Lake Kevin,WA,16045,USA,2023-10-25
70,Kyle,Clark,melissathomas@example.org,361-210-7603,1401 Contreras Throughway,Port Davidborough,OR,26718,USA,2023-08-28
71,Michael,Martin,anthony24@example.net,293.389.1190x83342,759 Scott Coves,Port Michael,MS,56087,USA,2023-10-12
72,David,Rodriguez,rickjuarez@example.com,(375)848-0157,9473 Roberts Walk Suite 317,Harryfort,TX,14286,USA,2024-07-21
73,David,Foster,rmills@example.org,001-591-821-5353x961,9946 Alvarez Rapids Suite 784,Port Shawn,DE,33359,USA,2024-12-13
74,Cory,Brown,ihall@example.org,370-326-9524,3477 Daniels Valleys Apt. 061,Colefurt,NV,60749,USA,2023-01-08
75,Nicole,Martin,thompsondonna@example.com,(424)267-1978x89778,7969 Miranda Haven Suite 009,East Marystad,AS,97763,USA,2025-05-09
76,Connor,Reed,hubbardcolleen@example.com,(365)703-3349x114,85076 Adams Square,Chapmanmouth,MS,75258,USA,2024-07-12
77,Emily,Rogers,ashley71@example.net,252.694.5637x18344,91919 Nelson Port Suite 635,Lake Madisonhaven,AS,39810,USA,2024-09-16
78,Zachary,Powers,james64@example.net,+1-620-882-9737,357 John Summit,Meganchester,MD,08945,USA,2025-07-25
79,Debbie,Scott,meghanadams@example.com,+1-836-831-2303x477,24204 Hopkins Fall,Lake Toddtown,AR,11501,USA,2024-03-15
80,Diane,Davis,michelle65@example.net,001-523-319-8189x8471,9636 Drew Extensions Apt. 476,Michelleton,NM,70423,USA,2024-06-18
81,John,Ramirez,stewartrodney@example.net,(557)654-0900,5183 Price Lock Suite 413,Jasonburgh,PW,58021,USA,2025-07-21
82,Michelle,Morrow,natasha60@example.com,776.956.1248x1569,27206 Courtney Island,North Erichaven,VT,85590,USA,2023-06-04
83,Timothy,Moss,usparks@example.com,529-254-3165x266,931 Gonzalez Squares,North Richard,NE,79195,USA,2023-12-23
84,David,Higgins,christopherrichardson@example.net,(577)613-3344x76263,2620 Cherry Freeway,Solomonstad,OR,90189,USA,2025-08-15
85,Monica,Mccann,emiller@example.org,(936)769-4118x0053,48964 Lambert Curve,New Harryburgh,NY,65098,USA,2024-04-23
86,Alyssa,Thomas,uanderson@example.net,650-627-4564,2572 Brown Drive Apt. 320,Greenmouth,NE,15708,USA,2024-12-21
87,Todd,Vasquez,alexandervanessa@example.net,001-521-251-3422x8499,1371 Johnson Springs,South Nathanielville,MP,42907,USA,2023-07-10
88,Timothy,Fuller,millermariah@example.net,690-750-9759x230,189 Davis Glens,East Tammy,VI,52787,USA,2023-04-01
89,Justin,Goodwin,phelpsfrank@example.com,+1-521-947-6492x5158,7499 Davis Manors Suite 926,Davishaven,MA,61256,USA,2025-09-29
90,Alison,Holland,deborahreeves@example.com,647-561-7422,9081 William Pass Suite 617,Michaelshire,CO,66488,USA,2022-12-09
91,Megan,Williams,yangsteven@example.org,(645)397-7945x23219,006 Alexander Shoal Suite 769,Turnerstad,UT,88817,USA,2025-10-21
92,Derek,Lee,fballard@example.org,5303372368,2760 Gabriel Drives Suite 770,Richardsborough,LA,75137,USA,2024-07-14
93,Ryan,Perry,cookcurtis@example.net,599.284.0767x8997,9581 Orozco Mall,Wilsonstad,NV,91925,USA,2024-09-21
94,Maurice,Hall,martinjessica@example.com,795.997.2466,341 Anderson Flats,New Travis,WY,55024,USA,2024-12-19
95,Michael,Green,jimmy80@example.org,+1-922-680-1561x93183,0842 Jasmine Mill Suite 119,Port Annahaven,CT,22396,USA,2025-07-19
96,Jessica,Erickson,pittsrhonda@example.org,001-987-712-5521x37603,214 Espinoza Mall Suite 328,Cobbberg,AS,56707,USA,2024-08-17
97,Michael,Johnson,hvillanueva@example.net,(808)211-5562,29084 Morales Springs Suite 550,Rachelberg,UT,53445,USA,2024-10-07
98,Denise,Terry,paigeweber@example.net,+1-563-341-0856x2884,520 Pamela Plains Suite 346,Lake Brianstad,KS,82681,USA,2025-01-10
99,Ashley,Smith,david17@example.com,539-398-9354x49268,935 Garcia Station Suite 611,South Pamelafort,IL,58980,USA,2023-03-15
100,April,Foster,erica69@example.net,997-467-7622x827,377 Julie Points,Sandraville,PA,54059,USA,2023-05-04
101,Eric,Watson,woodkeith@example.net,(544)470-2296x044,18510 Olson Inlet Suite 567,Port Dillon,SC,60916,USA,2024-10-12
102,Christopher,Weber,uhernandez@example.com,+1-266-636-5807x412,813 Susan Pike,Port Thomas,MH,02947,USA,2023-05-19
103,John,Thornton,suzannehill@example.org,001-971-289-5690,2608 Reyes Course Apt. 182,Douglasview,WI,12248,USA,2023-07-11
104,Susan,White,stephanie20@example.net,001-204-561-5265x461,937 Avery Grove,West Stevenchester,CA,63962,USA,2022-12-28
105,Angela,Willis,bschultz@example.com,538-424-9671,238 Ali Point Suite 007,Deniseburgh,AL,08388,USA,2024-12-02
106,Jason,Pittman,carla65@example.net,802-589-1416x1284,547 Sanchez Islands Suite 379,Allenberg,SD,00769,USA,2025-06-16
107,Glenn,Peters,asmith@example.net,001-776-881-1807x156,017 Mayer Mills,East Juliaview,TX,93456,USA,2024-05-22
108,Lindsey,Walker,christopheraustin@example.com,950.447.9303x6149,999 Cameron Crossroad,East Jordanshire,PR,30380,USA,2025-02-03
109,Johnny,Castro,james08@example.net,706.205.6641x877,46875 Philip Isle,New Lindseybury,UT,56051,USA,2023-03-09
110,Connie,Davis,jamesmurphy@example.org,560.395.4317x3505,79110 Nicholas Vista Apt. 207,West Cherylchester,CA,13847,USA,2025-10-01
111,Richard,Williamson,hansenkenneth@example.com,(939)790-7676x99150,10919 Rebecca Crossroad,Michaelfort,VA,81877,USA,2024-10-04
112,David,Silva,johnrobles@example.org,454.298.2274x95450,806 Gonzalez Flats,Port Casey,ID,88038,USA,2024-11-22
113,Ashlee,Rogers,vgreene@example.net,565-521-7073x0337,563 Lopez Avenue Suite 015,New Dariusport,NV,25981,USA,2025-07-21
114,Justin,Robinson,bradley03@example.org,425-883-2302x410,3473 Pacheco Shore,New Tiffany,RI,57349,USA,2023-02-23
115,James,Gray,thomassandra@example.org,(759)563-0993x842,428 Clark Common,Gibbsland,GA,67166,USA,2024-07-08
116,Jennifer,Fox,victor72@example.com,877.549.6903x3373,6925 Pierce Dale Apt. 478,Jerryton,NH,67644,USA,2025-07-05
117,Michael,Jimenez,ronald76@example.com,360-627-3415x148,11508 Matthew Spring,Johnview,ID,92990,USA,2025-06-09
118,Amy,Green,yeseniagoodwin@example.net,001-544-956-6907x82633,987 Peterson Corner,Meganchester,WI,91981,USA,2024-08-23
119,Nicholas,Ray,samuelfarrell@example.org,(840)675-5366,090 Eric Isle Suite 636,New Paulfort,CT,43602,USA,2025-04-16
120,George,Leonard,tfowler@example.org,(609)570-2316,8170 Stone Extension,Michelechester,MO,21083,USA,2023-05-05
121,Paul,Berger,amandamendoza@example.org,623.546.7299,3027 Makayla Rapids Apt. 859,Stevensshire,AZ,97139,USA,2023-04-04
122,Megan,Sparks,debbie75@example.net,(892)263-2967x6291,48413 Jenkins Track,West Charlesville,NY,43232,USA,2024-08-12
123,Bradley,Johnson,nmartin@example.net,+1-976-956-3600x4125,18372 Hoover Ville Apt. 209,East Kellyside,WA,51730,USA,2023-08-02
124,Eric,Howard,powersalex@example.com,608.937.0816,006 Sarah Landing,East Christopher,MT,04163,USA,2022-12-06
125,Laura,Rivas,lori13@example.org,(520)568-1558,1331 Morris Bridge Suite 506,South Jeffrey,TN,36998,USA,2025-08-19
126,Katrina,Porter,bradley36@example.com,489-724-1956,571 Smith Prairie,Reyesbury,NY,77501,USA,2025-11-12
127,Kyle,Rojas,hallchristina@example.org,001-539-910-2574x32630,45086 Christensen Forks Suite 533,Lake Vanessabury,PA,50503,USA,2025-02-01
128,Chad,Lee,isaiah01@example.com,+1-923-621-2983x3816,336 Catherine Hollow,Barbaraborough,KY,63569,USA,2023-03-18
129,Roberto,Lynch,raymond27@example.com,(827)906-6149x82824,4689 Jones Dale Suite 323,North Michellestad,NM,53526,USA,2024-08-20
130,Tracy,Davidson,xwaller@example.com,001-816-601-6923,750 House Street Apt. 370,Crystaltown,UT,87752,USA,2025-08-12
131,Dylan,Wright,josegibson@example.net,001-520-811-6691,4488 Willis Street,Goodwinland,CT,83886,USA,2025-04-21
132,Raymond,Parker,lisa43@example.net,(870)411-6864,2237 Wayne Creek,Bradleyborough,HI,26838,USA,2023-02-13
133,Scott,Durham,lisalee@example.com,721-241-6141,7100 Walton Avenue,North Jasontown,MS,79535,USA,2025-01-29
134,Ruben,Wood,sarah75@example.net,453-256-6905x51076,435 Montgomery Shoals,Robertsonborough,AL,84134,USA,2024-03-28
135,Mark,Wallace,schultzmorgan@example.net,+1-576-491-5671x649,71487 Peggy Crescent,Batesbury,IA,28241,USA,2023-08-05
136,Ethan,Hickman,garciavictoria@example.org,(343)747-1287x1539,686 Jeffrey Crescent Suite 111,Joyborough,WA,15719,USA,2025-04-21
137,Jillian,Collins,david56@example.net,001-583-366-5528,87524 Vincent Motorway Apt. 942,New Lukehaven,UT,16683,USA,2024-01-12
138,Kelly,Levy,nwelch@example.com,6524330276,656 Mooney Throughway,Myershaven,VA,37599,USA,2024-01-26
139,David,Goodwin,jacquelinekelley@example.org,001-604-472-9277,30591 Nicholas Meadow,North Cody,NJ,24045,USA,2023-02-03
140,Ryan,Hernandez,bairddebra@example.net,001-963-801-3674x9261,750 Darryl Crossing Suite 830,Hillville,WY,78210,USA,2023-08-22
141,Ryan,Duncan,pwashington@example.net,951-382-6068,12920 Mcbride Crossing,East Baileyburgh,CO,74228,USA,2023-12-17
142,Michael,Stephens,millerdavid@example.com,(703)540-8487x29758,030 Donald Walks,East Carrie,IL,78067,USA,2024-05-24
143,Andrea,Green,david96@example.org,+1-726-471-4628x3143,56609 Chris Crossing Apt. 861,Daniellestad,PW,44215,USA,2024-01-12
144,Corey,Petty,mistyperez@example.org,361.712.8497,491 George Terrace Suite 258,Woodsberg,KS,01745,USA,2025-10-15
145,Jill,Brown,dianethomas@example.net,001-853-596-7275x7844,146 Bruce Roads Apt. 131,New Brian,WA,37968,USA,2025-03-23
146,Erica,Randolph,astokes@example.com,(577)288-1609,853 Catherine Extension Apt. 215,New Michael,AR,55908,USA,2024-12-22
147,Robin,Wright,hjackson@example.com,+1-814-547-4430,807 Brown Avenue Suite 545,North Michaelburgh,MO,46970,USA,2022-11-27
148,Willie,Hernandez,jordanjames@example.net,670-724-3765,84177 Donald Summit Suite 053,East Justinberg,MO,55689,USA,2024-04-11
149,Susan,Bird,martinjames@example.com,867-487-2568,02258 Katrina Freeway,Lake Mariachester,PA,97157,USA,2022-11-26
150,Christopher,Patterson,scastillo@example.com,+1-328-423-4143x637,231 Richard Harbor,East Ronald,RI,26668,USA,2023-04-04
151,Cynthia,Hall,jamesalicia@example.net,567-708-6041x45456,00053 Kennedy Rest,South Jackfort,MN,44316,USA,2024-02-29
152,Kaylee,Anderson,davisalexander@example.net,(359)489-5343x961,93371 Shelly River,Kevinfort,WV,26977,USA,2025-02-19
153,Jennifer,Snow,bradleylee@example.net,001-685-457-1617x68802,90367 Gabriel Terrace Suite 866,Jamietown,GA,75460,USA,2023-10-18
154,William,Le,suarezkrystal@example.com,643-244-8123x083,2403 Amanda Alley,Cynthiastad,MD,11412,USA,2025-11-13
155,Mark,Brown,jennifer69@example.com,3538424089,983 Walker Grove Apt. 962,Hallchester,MN,19943,USA,2024-11-27
156,Jacob,Henry,crawfordstephen@example.org,001-824-504-2269x3121,618 Jessica Valley Apt. 916,Smithtown,WV,84974,USA,2023-01-20
157,Sheena,Greene,johnmiller@example.org,9184513279,7230 Burton Crossing Apt. 018,Curtischester,FL,00659,USA,2023-10-28
158,Diana,Perez,perezpaul@example.com,+1-761-372-1314x51951,226 Greene Springs,Hernandezport,RI,38119,USA,2024-05-08
159,Sarah,Cochran,nelsonvictor@example.com,001-810-622-5267x711,52265 Snyder Orchard,Guzmanmouth,DC,86216,USA,2023-12-01
160,Amanda,Patel,fbarnes@example.net,561.796.8931,05872 Brian Keys,Melindaberg,LA,60845,USA,2023-06-25
161,Julie,Wilson,osanchez@example.org,001-426-206-5019x179,2131 Ashley Via,Hernandezburgh,NJ,97960,USA,2023-06-19
162,Heather,Mitchell,theodore57@example.net,(800)992-8206,843 Huynh Groves Apt. 862,South Christine,IN,51919,USA,2023-08-26
163,Denise,Sullivan,velasqueztaylor@example.com,(220)556-3411x1595,81139 Katherine Inlet Apt. 830,West Christopher,OK,74530,USA,2023-01-22
164,Sherry,Smith,uwilliams@example.org,(346)483-5652x156,679 Kelly Drive,Millerland,VT,30853,USA,2023-10-14
165,Zachary,Chandler,kaylamartin@example.net,+1-585-372-5459x6063,710 Katie Inlet,South Clintonmouth,GA,39246,USA,2023-07-22
166,Charles,Page,ramirezmichael@example.org,847.847.2197x054,5895 Miller Loop,Bakerton,RI,84893,USA,2023-02-10
167,Melissa,Roberts,hollycastro@example.org,(996)913-6715,12166 Richard Circles Suite 597,Lake Judith,DE,36988,USA,2024-10-20
168,Danielle,Flores,gardnerstacy@example.org,5962056730,4212 Joshua Common Suite 768,Lake Patricia,HI,07545,USA,2023-04-06
169,Franklin,Bailey,wpeterson@example.com,(477)782-6596x08931,27275 Laura Spring Suite 480,Hardingberg,SC,59395,USA,2025-08-02
170,Robert,Payne,johnsonjulie@example.org,(796)735-3390,4817 Gutierrez Knoll,Mariachester,NC,44518,USA,2023-05-09
171,Brooke,Daniels,stephenbrooks@example.net,(946)349-1111x0961,904 Lewis Trail Suite 861,Port Terrence,DE,46456,USA,2024-11-03
172,Kristen,Foster,podonnell@example.net,(238)244-4463x060,8955 Susan Meadows,New Teresa,ID,81276,USA,2025-08-11
173,Roy,Ayers,zpoole@example.net,(826)658-2631x2819,3110 Smith Trail,North Christine,ND,10825,USA,2025-04-20
174,Tonya,Walters,ujohnson@example.org,001-452-233-4383x64041,79112 Green Falls,North Troystad,PW,27760,USA,2024-07-13
175,Tommy,Garrett,henryandrew@example.org,466.257.2240,5799 Eric Streets,Saraborough,PA,04374,USA,2025-02-23
176,Michelle,Wilson,holmeskathleen@example.org,905.523.1244,8477 Hunt Locks,West Gerald,TX,94531,USA,2024-01-24
177,Larry,Bauer,ygarcia@example.net,001-576-776-9459x1966,172 Susan Glen Suite 498,Raymondville,HI,42795,USA,2024-09-11
178,Nathan,Thomas,michaeljones@example.net,610-550-5379x53816,84919 Fleming Mews,Lisaborough,ID,07010,USA,2024-12-20
179,David,Chavez,rwilliams@example.com,+1-659-463-9040x907,88050 Terry Village Suite 445,Richardside,WI,41549,USA,2024-12-20
180,Trevor,Davidson,longheather@example.com,359-710-3002,21358 Sarah Ways Apt. 401,West Charlesmouth,UT,80815,USA,2024-06-25
181,David,Flores,holly29@example.com,(996)971-8839,7314 Dawson Knoll Apt. 311,Browntown,TN,28830,USA,2024-11-10
182,Jason,Garza,glopez@example.com,585.847.2812x35679,46249 Dylan Wells,Lake Danieltown,MH,60905,USA,2023-08-31
183,Joseph,Mcintosh,anthony87@example.com,756-232-6868,5106 Lee Field Suite 294,Stoneville,TX,07037,USA,2025-08-14
184,Patty,Johnston,susanrobinson@example.org,818.314.3966,473 Kristi Key,Janiceport,VA,00908,USA,2023-04-09
185,Jocelyn,Phelps,wesleygraves@example.com,001-832-751-2257x207,41209 Montes Prairie,South Morganfort,DE,06422,USA,2022-12-11
186,Kari,Rowe,mary88@example.org,645-777-5847,54589 Rodriguez Spur Apt. 263,West Tyler,IA,76206,USA,2025-10-29
187,James,Blevins,vhoward@example.org,+1-614-687-8245x5696,98591 Pope Port,Keithtown,NM,90354,USA,2023-06-30
188,Cindy,Beck,hbecker@example.com,974-614-0703x4910,5004 Michael Haven,North Jennifer,FL,96583,USA,2023-09-15
189,Jeffery,Kennedy,frichards@example.com,(836)766-1449x429,342 Spencer Hollow,Christophershire,SC,60945,USA,2025-03-10
190,Cody,Rose,nicholasliu@example.com,001-258-857-5676x670,94398 Martinez Plains,Brianfurt,DC,53315,USA,2025-09-19
191,Steve,Brown,fordkathryn@example.net,7412591497,980 Zachary Points,Taylorberg,ME,82845,USA,2024-03-10
192,Danny,Smith,shaffercindy@example.org,+1-218-313-3170x876,7238 Underwood Springs Suite 916,Lake Andrew,FL,98097,USA,2025-08-31
193,James,Castillo,georgeharmon@example.net,219-675-4661x7662,96094 Deanna Shoals Suite 052,Khanmouth,KY,01696,USA,2023-07-17
194,Rachel,Warren,vincent83@example.com,812.925.9572x44617,884 Heidi Radial,Breannafurt,CA,06389,USA,2022-12-29
195,Sarah,Alvarez,jesseortega@example.com,001-933-712-6610x94101,51762 James Overpass,Sheltonbury,ID,97776,USA,2023-07-23
196,Christopher,Johnson,zcervantes@example.org,+1-913-502-0569x81528,785 Montgomery Points,Port Carlos,NE,82482,USA,2024-06-20
197,Kenneth,Wilson,carrolldavid@example.net,809.785.0344,41893 Ross Centers,New Thomasview,SD,04430,USA,2023-01-03
198,Donald,Payne,robert35@example.org,001-350-937-1990x5169,0107 Debra Meadows,Turnerbury,AK,07756,USA,2022-12-24
199,Frances,Smith,amandadalton@example.net,706.762.6682x1719,6033 Brianna Forks,Burgessside,OK,06501,USA,2022-12-07
200,Samuel,Campbell,lisajones@example.org,559-934-2967x11148,74584 Alison Grove Suite 881,West Rachelfort,KY,10783,USA,2023-09-26
201,Judy,Clark,maureenmeyer@example.com,(820)637-7107x044,49670 Cruz Cape,East Nicolas,TN,57004,USA,2025-02-18
202,Sharon,Kent,guerreroanthony@example.com,001-654-993-0596x60186,984 Susan Mountain Apt. 204,Christopherbury,WI,71647,USA,2024-02-16
203,Michael,Hopkins,ashley09@example.com,+1-290-914-9542x7707,7836 Bethany Common,Pennyside,MD,08895,USA,2024-09-28
204,Misty,Martinez,jonathanbuchanan@example.com,+1-222-590-3102x8795,440 Fernandez Cape,West Daniel,NY,58672,USA,2023-05-08
205,Maria,Becker,youngmark@example.com,864-720-5955,9025 Kelly Drive Apt. 193,Williamhaven,WY,76717,USA,2024-05-01
206,Jessica,James,nicholasaguilar@example.net,+1-911-939-8986x8180,3943 Sanchez Trafficway Suite 375,Lake Johnchester,MN,10946,USA,2024-05-13
207,Jerry,Hartman,melendezdenise@example.net,692.683.6929,1166 Barbara Roads Apt. 270,North Robert,WV,73190,USA,2024-11-12
208,Andrew,Jackson,martinezaustin@example.com,528-686-6526,5999 Virginia Cape,Lake Samanthamouth,PW,54093,USA,2025-07-20
209,Katherine,Graves,byang@example.com,001-929-481-2099x5765,34750 Mitchell Lights Suite 220,South April,OK,81172,USA,2024-03-16
210,Joshua,Gonzales,reedgabriel@example.com,(544)491-3421,088 Adam Village,West Jamesshire,NE,96457,USA,2024-10-05
211,Jennifer,Calhoun,mariahphillips@example.org,776-374-1241,152 Hill Roads,Lake Haileyton,NE,13665,USA,2025-11-13
212,Courtney,Sanchez,james80@example.net,001-963-634-7272,18306 Travis Ridge,Lake Gregory,MT,90676,USA,2023-12-27
213,Michael,Moreno,pwelch@example.net,(943)647-7695,14675 Elaine Crescent,South Stephanie,TN,15382,USA,2024-05-06
214,Mary,Shields,xbush@example.com,+1-663-704-4836x085,7664 Joseph Stream Apt. 504,Ortizshire,FM,22329,USA,2025-02-23
215,Cheryl,Anderson,kimberlyrodriguez@example.net,+1-200-561-5581,328 Heath Forks Suite 255,Lewisbury,AL,05229,USA,2022-12-15
216,Eric,Turner,masonlacey@example.org,330.341.6624,600 Cody Radial,Leeport,WY,42932,USA,2024-09-04
217,Joseph,Douglas,turnerstephen@example.org,564.861.3684x7488,6581 Walker Burg,Wisemouth,MN,62996,USA,2025-04-06
218,Theresa,Davis,daymartin@example.net,(937)593-1269,4645 Benjamin Spurs,Savageview,UT,27924,USA,2025-04-05
219,Joe,Murray,ugardner@example.net,488.511.6162x0281,06728 Taylor Well Suite 604,South Wendyview,NC,42756,USA,2025-06-26
220,Alexandra,Harris,anne22@example.com,+1-958-294-7735x228,2271 Larry Field Apt. 187,Codymouth,PA,21007,USA,2023-02-25
221,Alexis,Lee,dana35@example.net,469-345-9648x8319,2491 Laura Radial,Riverashire,PA,36839,USA,2025-06-27
222,Veronica,Davis,aclark@example.org,+1-822-927-0510x287,8138 Bennett Lights Suite 548,Alyssaborough,GA,83570,USA,2024-01-19
223,Heather,King,marycastro@example.com,886-552-0575,5203 Ward Fields,New Lanceville,PW,48849,USA,2023-12-13
224,Darlene,Sanders,lawsonarthur@example.com,001-344-209-0797x727,92221 Flowers Crest Apt. 705,Port Amyborough,SD,80979,USA,2022-12-09
225,Jennifer,Diaz,mary52@example.net,3664013824,49386 Cynthia Ville Apt. 448,Davidmouth,OK,91765,USA,2023-03-27
226,Jessica,Lopez,fdavis@example.org,001-602-503-5713,0642 Taylor Island,Perezborough,KY,26613,USA,2023-08-16
227,Tracy,Lane,jordan74@example.org,(787)620-9628x936,8841 Jonathan Mountain,Anthonyville,NC,86789,USA,2025-07-21
228,Nathan,Gray,thomasmcdonald@example.com,001-705-715-0267,54278 Karen Mill,Watkinschester,VA,52842,USA,2024-11-18
229,Timothy,Morales,johnnybrooks@example.com,2384166496,9839 David Isle,North Kyleberg,AS,45865,USA,2024-10-26
230,Dylan,Andrade,amartin@example.net,941-423-3613x2850,78637 Guerra Squares Apt. 162,Kathrynberg,MO,43376,USA,2024-01-27
231,Michael,Santiago,icarlson@example.org,001-203-892-3555,327 Bradley Hollow,Davisfurt,SD,24077,USA,2024-09-05
232,Austin,Mullen,justinhughes@example.com,(422)868-1715x16025,76604 Green Roads Apt. 978,Kimberlymouth,PR,70627,USA,2024-06-02
233,Katherine,Berg,floydtina@example.net,920-859-4389,4017 Richardson Rapid,Johnnymouth,TX,39317,USA,2022-12-20
234,Sean,Evans,guy56@example.org,3913508632,276 Reed Mount,Port Rebecca,VA,69124,USA,2025-04-16
235,Benjamin,Lynch,uwilliams@example.com,001-816-381-5466x0241,449 Heather Causeway,Ashleyborough,WV,57772,USA,2024-01-14
236,Raymond,White,joshuapowers@example.net,340-563-0624x4795,53194 Matthews Roads,Amberfort,OH,02148,USA,2024-04-29
237,Melissa,Porter,luis72@example.com,+1-726-346-0917,854 Potter Mission,Johnsonshire,GA,82324,USA,2024-05-13
238,Karen,Campbell,wperry@example.org,001-373-668-2691x1633,68653 Lester Harbors,Kayleeville,TN,90527,USA,2025-07-24
239,Michele,Simpson,wayne86@example.org,347.822.6408x572,6309 Dillon River Apt. 996,West Chelseaburgh,OK,82485,USA,2024-11-16
240,Nicole,Valdez,craneandrew@example.net,+1-583-727-5327,1039 Stevens Spur,Fritzburgh,NH,66065,USA,2025-08-06
241,John,Bowen,laramary@example.org,600-368-7616,7046 Michael Stravenue,Pattersonville,CT,19635,USA,2023-12-26
242,Matthew,Durham,bowenmichael@example.net,734.915.1773x4547,490 Earl Heights Apt. 359,Jenniferport,VT,21250,USA,2025-04-13
243,Julia,Neal,thomas74@example.org,(694)464-3039,5886 Montgomery Extension,Dawnshire,PR,66180,USA,2024-03-16
244,Timothy,Webb,nicholas72@example.net,(701)953-4332x4913,083 Michael Bypass Suite 158,West Angelaside,PR,97659,USA,2025-02-26
245,Alexandra,Sanchez,wallerbrian@example.net,001-323-437-2094x8413,33399 Marshall Plain Apt. 513,Wilsonland,NJ,26374,USA,2023-04-18
246,Bonnie,Callahan,carmenevans@example.org,673-999-7046,8784 Baker Place,West Joshua,OH,66438,USA,2024-03-07
247,Tony,Flores,wrodriguez@example.org,377.522.1641x75823,8458 Garcia Hills,New Emily,MD,20999,USA,2023-09-08
248,Elaine,Nguyen,kfloyd@example.net,779.964.3474x52455,9660 Brown Lodge Suite 274,Port Janetborough,TN,94436,USA,2023-12-16
249,Krystal,Nguyen,marissa05@example.com,+1-533-498-7411,797 Kimberly Loaf Suite 349,Brownton,SC,45418,USA,2024-01-16
250,Dennis,Brady,samuel41@example.com,662-629-4938x17359,15573 Manuel Forks,Coxborough,TX,92783,USA,2023-12-21
251,Dawn,Simmons,cassandra02@example.org,908.608.5096x0858,119 Terri Tunnel Apt. 828,New Sandraborough,WV,10080,USA,2025-10-11
252,Pamela,Gamble,dmeyers@example.com,(251)829-5786,96003 Simmons Green Apt. 958,Valdezborough,WI,75793,USA,2024-05-17
253,Hunter,Johnson,jacobhernandez@example.com,+1-402-885-1553x334,35027 Mary Lane Apt. 736,South Samuelborough,IL,50374,USA,2025-05-18
254,Jenny,Martinez,davisgregory@example.net,001-631-379-5563x31857,06661 Ward Inlet Apt. 643,Lake Dawnfurt,FM,62283,USA,2022-12-08
255,Melanie,Thompson,jessica50@example.org,5286227009,626 Greg Path Apt. 251,North Tyler,ME,53408,USA,2025-07-12
256,Anthony,Johnson,regina49@example.com,4704260869,53161 Tanya Mountain,Chaseside,NV,18117,USA,2025-06-08
257,David,Douglas,collinsterrance@example.com,(591)377-9323x822,649 John Glen,Lake Donna,MA,93622,USA,2024-10-31
258,Nicholas,Thomas,kathleen25@example.com,001-206-903-2020x3265,3967 Shawn Greens Suite 148,Matthewburgh,KS,45194,USA,2024-12-10
259,Kathryn,Baker,qalvarado@example.com,(460)782-1371x184,6818 Raymond Pass Apt. 230,Lake Julie,NC,79266,USA,2023-07-07
260,Heather,Osborn,mcbridemichael@example.org,(852)512-9328,64686 Mcdonald Dale Suite 014,Jasonland,AR,99482,USA,2024-08-12
261,Peter,Moore,douglascarson@example.org,(569)933-5134x26192,450 Abigail Pine,Port Courtneyfort,IN,87063,USA,2024-09-24
262,Eric,Beard,lynn89@example.com,001-354-306-4176x92743,76601 Kirby Street Suite 485,Estradaview,MI,11392,USA,2022-12-04
263,Troy,Garza,marqueztodd@example.net,+1-341-378-9969x86091,59966 Michael Turnpike,Phelpsshire,VI,69020,USA,2023-01-10
264,Kimberly,Caldwell,oli@example.net,2399205146,5534 Bowers Islands Suite 423,Joystad,WI,23052,USA,2024-12-29
265,Linda,Church,cookchristina@example.net,741-916-5972x63475,25013 Stout Squares Suite 882,Montgomeryland,ID,12738,USA,2023-04-03
266,Matthew,Gomez,jphelps@example.net,(961)249-9153,240 Walker Square,East Nancy,NV,85421,USA,2023-10-15
267,Meredith,Webb,alexandersanchez@example.org,868.689.3628x969,6553 Fernandez Club Apt. 538,North Tina,WY,67013,USA,2024-11-22
268,Michael,Park,daniel93@example.net,+1-937-849-0797,08780 Woods Squares,North Evelyn,CA,94724,USA,2024-01-16
269,Ryan,Duran,stacey09@example.com,(863)474-8453,90591 Christina Pines Suite 233,Port Howard,SD,65378,USA,2023-05-18
270,Stacy,Hughes,christopher69@example.net,(467)625-2145x26471,35157 Alexandria Brooks Apt. 805,East Aaronhaven,AL,01111,USA,2024-04-04
271,Anna,Villarreal,ztorres@example.net,(439)772-8351,2827 Christy Plain,Port Sarahport,CT,46252,USA,2025-10-10
272,Tyler,Munoz,brittanyjackson@example.org,+1-457-586-7181x535,60507 Melanie Course Suite 899,Shermanborough,LA,42485,USA,2023-06-12
273,Ronald,Graham,sgallagher@example.net,870-671-5879,0803 Kurt Radial Apt. 508,North Tammyfurt,ID,46607,USA,2025-02-26
274,Joanna,Warren,colongabrielle@example.com,(785)303-1723,3990 Sandra Ford,West Adambury,TN,43853,USA,2023-08-16
275,Bradley,Thomas,xserrano@example.com,294.869.4346,4374 Courtney Locks Apt. 723,Lake Dannyburgh,MH,64534,USA,2023-02-25
276,Jonathan,Becker,amandajackson@example.net,001-364-984-4941x163,80771 Jeremy Village,Lopezland,IA,57641,USA,2025-06-26
277,Kayla,Bates,samuel27@example.net,233.850.9025x42573,48132 Matthew Stravenue Suite 071,New Allison,OH,21616,USA,2023-06-24
278,Amanda,Montgomery,brian16@example.net,(255)202-1306,130 Andrew View Suite 964,Colebury,TX,64799,USA,2025-06-22
279,Shawn,Suarez,michael77@example.org,824.626.4250,76836 Mary Knoll,South Robert,MT,60870,USA,2024-10-16
280,Matthew,Ortega,dfarley@example.com,(783)933-3939,4362 Rodriguez Run Suite 496,East Jeffside,FM,21042,USA,2025-09-03
281,Sherry,Johnson,bgiles@example.org,569.424.9269,7327 Bishop Track Apt. 111,North Samanthaton,MA,12290,USA,2024-03-14
282,Mary,Cox,james23@example.com,397-875-2441x82226,874 Theresa Shore,South Colton,AZ,18274,USA,2024-06-27
283,Brenda,Huerta,kgray@example.org,(779)392-7079x551,94621 Suzanne Islands,Jenniferland,MI,79512,USA,2024-12-21
284,Michael,King,howellbrittany@example.org,248.607.5203x44765,158 David Road Apt. 904,Gonzalezfort,MS,51408,USA,2023-01-08
285,Melissa,Mueller,heidi55@example.net,(352)254-8374x41715,31251 Ashley Freeway,Port Charlestown,WA,45214,USA,2025-06-30
286,Crystal,Rivera,mooreconnie@example.com,+1-519-210-2312x11063,5837 Jeanette Park,South Keith,TX,78070,USA,2023-02-17
287,Gregory,Gonzalez,alopez@example.org,(589)431-1325,949 Hunter Heights Apt. 645,New Adrian,FM,90092,USA,2023-12-09
288,Troy,Orr,karen10@example.org,7963170159,575 Wood Hills Suite 583,New George,UT,46755,USA,2024-08-11
289,Steven,Nolan,uhobbs@example.com,222.866.0256x265,92310 Kennedy Groves,Jamesfort,MO,21251,USA,2024-02-28
290,Victor,Graham,jeremy79@example.net,(670)451-1579,736 Smith Inlet,West Crystal,TX,81566,USA,2024-09-10
291,Jenny,Roman,georgealyssa@example.com,(559)571-0756,357 Peters Ports Suite 325,Lake Brittany,IA,33150,USA,2024-12-11
292,Nicole,Cruz,uzamora@example.net,(395)918-7794,42507 Jeffrey Alley Suite 597,Port Joseph,MD,64031,USA,2024-03-16
293,Cassie,Phillips,madisonbrewer@example.net,6386843660,40061 Marshall Drive,Garrettside,GA,78337,USA,2024-10-03
294,James,Obrien,daniel47@example.com,729-825-0105x8752,656 Mark Villages,Lake Justinshire,WV,75019,USA,2023-01-14
295,Caleb,Jones,sharpjennifer@example.com,(318)823-1555,76808 May Locks Apt. 813,Mooreview,IN,31861,USA,2023-02-09
296,Timothy,Williams,williamsmegan@example.org,001-832-328-5566x08470,90339 Smith Squares,New Nicolehaven,MH,22020,USA,2024-07-22
297,Julie,Campbell,edwinsmith@example.net,+1-558-762-3945,1470 Morrison Run Suite 321,South Lindaborough,ID,75239,USA,2024-02-20
298,Steven,Holland,oliviameyers@example.com,494.738.0403,6576 Samantha Neck,Laurabury,CA,81289,USA,2023-04-29
299,Stacey,Conrad,farrellchristine@example.org,676-892-1053x3651,0142 Bryant Union,North Samantha,WA,89869,USA,2022-12-31
300,Jenny,Gibson,hthompson@example.org,001-584-340-9712,600 Reynolds Mountain Suite 209,Lake Bryanview,VT,37406,USA,2024-11-27
301,Sylvia,Lopez,lauriejohnson@example.com,001-370-709-6873x045,8255 Malik Route Suite 629,Watsonstad,WI,38832,USA,2023-07-01
302,Susan,Miller,alowe@example.com,725-457-7820x582,61618 April Ports,West Sarahburgh,WA,30225,USA,2025-10-11
303,Sharon,Mills,tracy55@example.net,(939)456-1372x3081,436 Bryan Plains,Port Jamestown,AK,39270,USA,2023-05-21
304,Carl,Chavez,jacobparsons@example.org,765-560-9456,9979 Erin Bypass Suite 550,Jackiefurt,WV,71151,USA,2023-04-15
305,Stacy,Cohen,nbarker@example.com,3605717481,6539 Johnson Inlet,Robinsonchester,CT,01850,USA,2025-10-11
306,Selena,Wallace,brittneyleonard@example.org,927.649.6804x91872,49561 Tanya Club,South Todd,AL,51265,USA,2025-08-25
307,Jeffrey,Glenn,kelseywilliams@example.org,001-273-971-1222,6085 Robert Bypass Suite 686,North Christopherstad,NJ,53103,USA,2025-01-09
308,Andrew,Miller,rebeccahutchinson@example.org,(437)885-8471,033 Kevin Summit,Smithton,NY,02095,USA,2023-05-08
309,Luis,Sanchez,brenda04@example.org,433.477.7312x6881,78192 Courtney Loop,Sharonview,MT,08322,USA,2024-09-14
310,James,Barber,harrellkimberly@example.org,(667)993-2798x623,9061 Janet Trail,Port Darlene,MN,36858,USA,2024-07-16
311,Catherine,Calhoun,steven54@example.net,987.769.8999x2751,4449 Lawrence Islands,New James,ME,25646,USA,2024-04-17
312,Elizabeth,Lopez,mramirez@example.com,+1-424-335-8853x798,339 White Rue Suite 536,Loveshire,NH,70940,USA,2024-04-27
313,Tammy,Li,jonathanjones@example.org,(501)634-7789x4896,7917 Hughes Crest,East David,WV,07644,USA,2023-01-16
314,David,Davis,ramirezamy@example.com,001-563-509-0015x9446,994 Randall Drive,New Breannabury,GA,50737,USA,2023-09-25
315,Christina,Dickson,bestchristopher@example.net,311.236.3379x2234,469 Griffin Fort,Port Christophermouth,NV,20212,USA,2024-07-03
316,Jamie,Nunez,wjohnson@example.com,(385)850-7896x79352,3355 Hill Stravenue,Rachelfurt,PA,62067,USA,2022-12-21
317,Lauren,Price,debbiebrown@example.net,(556)607-6761x645,7223 Meghan Light Suite 031,North Christina,OH,07063,USA,2023-12-07
318,Kelly,Garrison,foxjonathan@example.org,423-664-2813x190,2303 Carlos Courts Suite 281,Transtad,VA,23952,USA,2023-07-09
319,Katie,Palmer,johnsmith@example.org,4884062207,594 Sanchez Extensions,Lake Johnton,CA,49970,USA,2023-06-13
320,Erica,Foster,mitchellallison@example.com,+1-668-878-5996,720 Charles Land,Darrellchester,MS,49776,USA,2024-02-22
321,Jason,Hampton,andrew73@example.org,001-827-992-4632x03747,3726 John Drive Apt. 450,Stevenfurt,FM,86147,USA,2024-09-17
322,Andrea,Williams,georgemichael@example.net,215.253.4820x1284,850 Powell Union,Reedmouth,LA,48731,USA,2023-02-01
323,Kathryn,Johnson,stephensonkatherine@example.com,001-889-681-2657x42231,00402 Robert Fields Suite 268,Veronicaborough,AL,09181,USA,2023-07-25
324,Jeffery,Herman,bakertimothy@example.org,(671)717-5957,298 Drake Tunnel Apt. 306,Nelsonhaven,ME,65889,USA,2024-08-03
325,Daniel,Hernandez,cranekevin@example.com,833.872.1885,541 Francisco Orchard Apt. 506,Briggsberg,MT,62520,USA,2022-12-31
326,Tommy,Cuevas,sharon14@example.org,(793)866-3439x2529,11028 Vasquez Course,North Aaron,HI,04785,USA,2023-06-09
327,Ashley,Williams,tonya55@example.net,351-609-1090x3267,819 Taylor Mountain Suite 281,Obrienport,AZ,52063,USA,2024-04-23
328,Stephanie,Torres,heatherpatrick@example.com,+1-266-334-5337x2201,72214 Watts Prairie,Lake Timothy,MT,16572,USA,2025-08-10
329,Arthur,Moore,sharon37@example.net,951.800.4627,2565 Adrian Tunnel Apt. 461,Hutchinsonmouth,FL,06009,USA,2023-06-20
330,Rebecca,Le,williamsimpson@example.com,(400)755-9550x17833,689 Ryan Street Apt. 798,Ambermouth,AZ,37789,USA,2024-04-13
331,Thomas,Humphrey,russellcourtney@example.org,699.835.9374x403,83037 Randy Meadows Apt. 148,Smithport,WI,79176,USA,2025-09-09
332,Donna,Roberts,crawfordbetty@example.net,836-385-2830,370 David Summit Suite 244,Martinchester,IL,96073,USA,2023-07-26
333,Heather,Fowler,connor44@example.net,921-703-1421,878 Timothy Ridges,Kristenstad,WY,12563,USA,2024-05-15
334,Jessica,Bartlett,paullopez@example.com,+1-211-722-5288x375,1863 James Route Suite 913,Grantmouth,MS,42734,USA,2025-08-08
335,Jacob,Duncan,james00@example.com,3553605712,7885 Colleen Bypass,Johnside,GU,56290,USA,2024-02-12
336,Elizabeth,Murillo,trevinobrian@example.com,001-646-624-5618x517,04521 Sarah Rapids Apt. 511,Katrinamouth,FM,16718,USA,2023-08-24
337,Joshua,Skinner,brandimiller@example.org,+1-381-889-8484,6154 Derrick Court,North Patriciaton,NJ,47834,USA,2024-08-05
338,Patty,Wright,bakerbrittany@example.net,622-591-0732x28360,306 Christina Loaf Apt. 845,South Terri,MT,76304,USA,2024-02-03
339,Deborah,Jimenez,john16@example.com,369-534-2929,033 Jessica Spur,Andersonborough,KY,15261,USA,2025-04-24
340,Alexander,Rodriguez,pearsonjennifer@example.net,672.921.5566,236 Lopez Shores,South Tracy,KY,57838,USA,2023-01-29
341,Kimberly,Bass,aaron72@example.org,001-278-943-6142x4426,754 Shannon Spurs,Maryfurt,KY,21532,USA,2024-11-29
342,Deanna,Cruz,samuelanderson@example.org,+1-682-614-5841,19134 Pacheco Throughway Apt. 780,North Mark,UT,73098,USA,2024-08-27
343,Jessica,Le,aaron32@example.org,(544)593-6999x51679,55738 Snyder Meadows Apt. 119,East Robert,AZ,27365,USA,2024-11-08
344,Curtis,Fritz,vnichols@example.org,+1-672-233-3510,49731 Mclean Ridge Apt. 149,North Thomas,KY,71420,USA,2023-07-31
345,Laura,Clay,howetracy@example.org,718-793-9406,201 Elizabeth Fields Apt. 230,East Margaret,ID,17884,USA,2024-02-15
346,Christine,Johnson,cbrown@example.org,001-235-446-2127x6025,12312 Rodriguez Forks Apt. 488,Oliviaburgh,MP,78393,USA,2025-02-18
347,Mary,Wallace,stephaniecoleman@example.net,449-230-3646x87191,818 Foster Run,North April,ND,30883,USA,2023-05-29
348,Amy,Jones,rebeccaromero@example.net,+1-781-458-8144,67323 April Road,Jonesside,CO,97198,USA,2024-03-27
349,Anthony,Cannon,rmartin@example.com,001-700-201-5291x13717,255 Chambers Underpass,Karenview,GA,11647,USA,2025-03-10
350,Justin,Boyd,carolineray@example.com,001-912-224-8905x67086,004 Nicholas Roads,Christopherhaven,KY,69973,USA,2023-07-04
351,Robert,Salinas,hgray@example.org,235.850.5429x60807,69987 Buchanan Brook,East Caleb,KY,06659,USA,2023-05-23
352,Pamela,Herman,hking@example.org,001-304-842-8773x8363,21269 Barber Pike Suite 642,East Natashaberg,MN,95167,USA,2025-02-11
353,Christopher,Marks,tlewis@example.com,(446)625-5402x6355,017 Parker Turnpike,Michellehaven,OK,70015,USA,2025-01-06
354,John,Terry,ingramjessica@example.com,524.552.7905x04043,3849 Stephenson Crossing,Chandlerberg,AS,13893,USA,2023-04-02
355,Jennifer,Cobb,dawsonshawn@example.com,+1-509-433-9137,530 Bond Stream Apt. 198,Changmouth,MS,12993,USA,2024-10-31
356,Patricia,Smith,umaxwell@example.net,(430)209-1561,657 Baker Haven,Lake Rebeccatown,FM,81904,USA,2025-10-05
357,Dennis,Brown,peterlynch@example.com,991-718-9418x4336,263 Lisa Estate,New Carolyn,FL,10134,USA,2023-11-22
358,Chase,Scott,vhill@example.com,7425886050,6608 Darren Crossroad Suite 003,New Nicolestad,MS,52645,USA,2025-06-14
359,Eric,Bryant,meyerskathryn@example.com,331-923-4550x68826,8293 Roberts Canyon Apt. 348,Port Allisonmouth,WI,25938,USA,2024-04-29
360,Rick,Lewis,john88@example.org,+1-359-610-1570x9085,207 Aguilar Expressway Suite 999,Wangshire,AS,49766,USA,2025-08-30
361,Jessica,Gregory,maria99@example.net,718.342.8596x932,84993 Pamela Coves Apt. 342,Powellside,AR,53954,USA,2025-07-07
362,Danielle,Bryant,branchthomas@example.com,(507)423-4838x93595,0561 Rachel Port,Petersonside,AS,19800,USA,2024-08-06
363,Joseph,Bowers,amy26@example.net,(596)756-1308x7612,43468 John Underpass Suite 840,Port Susanfort,WV,29826,USA,2022-11-15
364,Peter,Mcclure,contreraswillie@example.net,701-268-3113,68094 Kelly Rest,Port Joanton,NH,53950,USA,2023-08-16
365,Robert,Thomas,monicaavery@example.net,001-253-944-0777x9462,662 Melvin Point,Lake Moniquefort,MS,06752,USA,2023-07-22
366,Sharon,Leonard,hammondjoseph@example.com,513-733-7312x552,78170 Melissa Expressway Apt. 192,South Danielchester,IA,67779,USA,2025-09-19
367,Tiffany,Bennett,david78@example.net,237.418.4449,26480 Ryan Haven Apt. 373,Marilynfurt,NJ,70517,USA,2023-05-01
368,Elizabeth,Jackson,rebeccafigueroa@example.com,(310)521-7982,629 Navarro Overpass Suite 363,North Melanie,HI,71740,USA,2025-10-07
369,Karen,Moyer,ricky53@example.net,2798866177,68205 Nicholas Divide Apt. 223,Markburgh,CO,52059,USA,2025-10-03
370,Sharon,Mcdaniel,alexis58@example.com,(292)618-2192x5967,9984 Stephanie Crossroad,Port Markton,PA,91175,USA,2023-11-05
371,Heather,Romero,mproctor@example.net,924-295-9881x1457,52386 Myers Flat Apt. 097,Omarland,RI,08821,USA,2025-07-16
372,Patrick,Hernandez,isimpson@example.com,+1-296-787-2258x937,2350 Ware Shore,Karlafurt,MS,95880,USA,2025-07-03
373,Emily,Jackson,gina90@example.org,+1-925-854-4286,59423 Frances Streets,Kristinebury,VI,26003,USA,2025-03-11
374,Gabrielle,Moon,petersonfrank@example.org,(485)872-5629,358 Garcia Wall,New Jenniferstad,MN,03864,USA,2025-08-13
375,Mark,Bishop,ystone@example.net,001-974-943-0349x18911,38593 Leon Corners,Jasonport,CO,43131,USA,2024-02-13
376,Daniel,Daniel,urodriguez@example.org,(293)667-8136x750,141 Kimberly Fall,Reyeshaven,DE,91737,USA,2025-05-21
377,Mary,Todd,mhoffman@example.net,8454238885,8660 Shields Prairie,Sparksmouth,ND,58461,USA,2024-01-22
378,Matthew,Rogers,michelle27@example.net,001-648-359-6559x4282,650 Sarah Avenue,North Ericport,MN,84277,USA,2023-11-05
379,Natalie,Ware,charlesyoung@example.net,255-513-0557,214 Mitchell Pike Suite 699,Thomasbury,NE,59352,USA,2025-07-31
380,Robert,Burgess,sball@example.net,(558)425-4318,231 James Divide,Lake Kevinland,AR,49935,USA,2022-11-26
381,Ethan,Robbins,stonerobert@example.com,750.982.7681x722,4584 Taylor Drives Apt. 529,New Lisamouth,MS,86704,USA,2025-03-23
382,Misty,Higgins,jessicalong@example.net,472-217-3373,22999 Joyce Extension Apt. 659,Lake Kevinside,OH,19358,USA,2023-11-16
383,Kristina,Foley,markcox@example.org,+1-935-984-4617,64309 Green Glen,Carrville,HI,59067,USA,2025-06-08
384,Scott,Martin,ksmith@example.org,539-478-7137x52988,12560 Glen Cape,Kathleenfort,PA,90418,USA,2024-11-06
385,Jody,Bush,nbailey@example.net,(685)523-8600x304,199 Rodriguez Cliff Suite 239,North Kimberlyshire,GA,96152,USA,2025-05-13
386,Timothy,Valdez,elizabeth14@example.org,001-983-309-3096x7139,60221 Eric Way,Ortizberg,AR,15596,USA,2025-06-12
387,David,White,wilsonpatrick@example.org,590-572-5873,9366 Clark Bridge,South Debra,TN,40014,USA,2025-01-31
388,Craig,Mitchell,hernandezkristen@example.org,+1-468-625-0952,09355 Franco Circles Apt. 399,Davidshire,NM,02740,USA,2023-04-13
389,James,Mcconnell,tanyawilson@example.com,+1-658-356-4230,27061 Mendez Neck,New Troy,AR,22305,USA,2025-06-01
390,Ryan,Atkins,ramosjennifer@example.org,7636224815,034 John Crossing,New Michaelfurt,NM,74481,USA,2025-08-03
391,Cindy,Wood,yrichardson@example.com,001-355-446-2347,6010 Kayla Union Apt. 030,Spencerville,NV,52751,USA,2024-01-17
392,Amy,Black,burnsrodney@example.org,001-257-812-9015x0713,30735 Tanya Via Suite 584,Evansfurt,HI,15470,USA,2025-11-11
393,Michael,Villarreal,angelcunningham@example.org,+1-557-566-9470x31805,74666 Christian Prairie Apt. 832,Smithton,KY,53320,USA,2024-08-19
394,Bridget,Fischer,vgarcia@example.net,207-697-7140,819 Andrews Island,Lake Whitney,CA,42007,USA,2023-08-08
395,Lindsey,Evans,scottchelsea@example.org,+1-376-898-7313x797,841 Odonnell Courts Apt. 374,South Timothyview,IA,31079,USA,2023-08-11
396,Brittany,Roberts,samuel38@example.net,001-419-270-1426,0878 Daniel Loop,Port Erictown,SC,87066,USA,2025-07-16
397,Mike,Miles,cody81@example.org,+1-698-298-9721x170,644 Eugene Crest,Arroyostad,NC,67759,USA,2023-11-11
398,Sarah,Ryan,xcompton@example.com,3044806757,9149 Davis Rue,East Williamfort,TX,77889,USA,2024-01-08
399,Edward,Barber,carolhenderson@example.net,(897)304-0953x1419,0783 Tony Spring Apt. 565,Port Sarahshire,AS,86829,USA,2025-09-19
400,Nicole,Howe,owhite@example.org,001-949-666-8349x604,70285 Paul Estate,Bethanybury,GU,83117,USA,2024-08-06
401,Tammy,Choi,amy20@example.net,001-934-486-8839x06246,916 Cindy Circles Apt. 413,New Paulabury,MI,87163,USA,2025-06-02
402,Richard,Hall,yolandamarks@example.net,760.252.3045x8816,4472 Martinez Court,Stewartton,VI,25830,USA,2025-10-31
403,Megan,Harrison,joshua96@example.com,001-271-882-4989x8088,214 Scott Loop Apt. 359,South Courtney,KS,72055,USA,2024-08-30
404,Christine,Alexander,hollyperkins@example.net,469.441.5594x50119,753 Small Cape,Danielfort,CO,55876,USA,2025-10-09
405,Lindsey,Clark,perezcaitlin@example.net,236-221-8945x59067,942 Moreno Prairie,Haroldport,PW,49828,USA,2024-06-18
406,Ryan,Jenkins,kristen89@example.com,964-620-4565x77580,38906 John Tunnel Suite 466,Port Cynthia,WI,55385,USA,2024-04-19
407,Charlene,Perez,brian65@example.net,4069221224,7462 Austin Loaf Apt. 112,Jennaville,CO,49326,USA,2025-01-03
408,Adam,Strong,amanda86@example.org,+1-401-579-8677,99570 Griffin Stravenue,Sparksburgh,SC,56205,USA,2023-03-12
409,James,King,jessicacalhoun@example.org,001-475-736-5968x0785,242 Emily Square Apt. 854,Lauraview,AR,04621,USA,2025-09-28
410,Justin,Mcdonald,pscott@example.com,001-323-911-2327x4897,3342 Jackson Fields Suite 217,Jenniferside,AR,09318,USA,2025-06-13
411,Mark,Reid,crivers@example.com,5697358824,0018 Jennifer Locks,Wellsport,NY,09277,USA,2024-09-04
412,Sabrina,Moses,vanessa44@example.com,546-908-3851x799,53912 Horne Passage,Morganfurt,AS,82040,USA,2025-04-14
413,Kimberly,Dyer,hmcneil@example.net,001-890-545-7927x14724,98642 Anderson Ford,New Shannon,NC,31363,USA,2023-11-19
414,Donna,Porter,hernandezdaniel@example.net,(329)232-8809x8322,23200 Heather Lights,Hamiltonville,AZ,04407,USA,2025-01-11
415,Amy,Meyers,hespinoza@example.org,756.514.0384,807 Fisher Terrace,East Leslie,MT,77663,USA,2024-03-19
416,Stephen,Walton,johnsonjames@example.org,(705)245-9671,6664 Charles Rue,Hendricksport,VI,11844,USA,2023-04-03
417,Amber,Garcia,valeriesmith@example.com,+1-894-897-0890x583,8268 Moore Rest,Gloverhaven,IN,71271,USA,2024-09-17
418,Danielle,Harrington,kennedywanda@example.net,350-959-6257,93201 Ryan Squares Suite 789,South Alexis,CO,73022,USA,2022-11-23
419,Matthew,Edwards,sarah17@example.com,877-474-1274,88241 Case Mews,Gregoryberg,PA,63091,USA,2024-04-16
420,Jennifer,Richardson,colelisa@example.com,(818)454-5705,225 Rivas Station,Lake Brandonfurt,IN,92792,USA,2024-04-28
421,George,Wilcox,dhill@example.com,972-482-8954x001,473 Derek Manor,South Shellyside,WY,49409,USA,2022-11-23
422,Sherry,May,yjones@example.com,001-801-319-5092x71152,537 Lori Dale,North Antonio,CA,56886,USA,2025-05-24
423,Rebecca,Greer,erin07@example.com,+1-818-594-8543x2987,2944 Miranda Loop Apt. 982,Harrisport,AS,71072,USA,2023-03-22
424,Austin,Cook,rachelswanson@example.org,(658)596-3217,4835 Robert Circle Suite 486,Lake Rubenborough,OR,72322,USA,2023-10-20
425,Amy,Ponce,patricia88@example.org,236-846-2805x50774,9551 Woodward Estate Apt. 920,New Sharonmouth,CT,06072,USA,2024-12-19
426,Cory,Miller,jessica91@example.org,678-961-9025,22069 Calhoun Island Suite 120,Lake Derekmouth,MH,41624,USA,2025-04-11
427,Michelle,Malone,monica00@example.org,001-701-251-5325x947,0717 Megan Mountain Apt. 595,East Elizabethland,AR,01775,USA,2024-07-15
428,Kendra,Smith,susan93@example.com,001-691-304-5203x608,491 Veronica Junction,New Michael,WV,98810,USA,2023-11-27
429,Michael,Jones,gina52@example.org,8672990069,677 Williams Square,South Vincent,UT,89658,USA,2023-05-27
430,Kristopher,Hale,eileenhudson@example.com,(530)406-7762x550,17365 Anderson Lock Apt. 417,Isaiahton,SC,24981,USA,2025-09-06
431,Melissa,Jones,jefferywalker@example.com,001-609-506-0530x8868,11667 Laura Ridges,West Peggymouth,PW,60340,USA,2024-04-15
432,Christopher,Watkins,kmorris@example.org,001-464-226-0336,5582 Jonathan Mountain,Lake Caitlintown,PW,58817,USA,2023-05-10
433,Jennifer,Pierce,owenmeagan@example.org,(336)921-9215,591 Rodriguez Creek,Lewisstad,MA,72621,USA,2025-03-18
434,Kara,Vaughn,crossnicole@example.net,521.368.8005x3789,289 Nolan Unions Suite 540,New Devinfort,GA,00660,USA,2023-02-05
435,David,House,andreagilbert@example.net,622.504.1447,811 Dickson Lake,Lake Alejandro,DC,96933,USA,2025-07-15
436,Joshua,Klein,andersoncynthia@example.org,(532)727-7521,28165 Richard Locks,North Evelyn,GU,08029,USA,2024-05-02
437,Michael,Leach,sarahgonzales@example.com,398-832-1029,4690 Brandi Pines,North Sherry,AK,35060,USA,2023-12-04
438,Edward,Miller,carl66@example.org,716.870.8056,0636 Christopher Passage Suite 550,Biancaview,ME,86487,USA,2023-01-09
439,Gail,Jacobs,zsanford@example.org,439.965.0496,26261 Kenneth Drive,Javierchester,TN,18516,USA,2024-04-30
440,Xavier,Palmer,joseph21@example.net,5876991962,996 Walker Points,Lindaberg,VA,37428,USA,2024-10-30
441,Amanda,Walker,pamelaestrada@example.com,630-731-1587x605,694 Rivera Motorway Suite 945,West Tammy,NE,49091,USA,2025-04-08
442,Paul,Chandler,rritter@example.com,001-286-716-3421x25450,152 Carlson Islands Suite 966,Meganburgh,DE,31896,USA,2022-12-05
443,John,Frank,rberg@example.org,001-514-526-1404,1454 Jennifer Centers,Knightbury,TN,60518,USA,2023-10-31
444,Anthony,Brewer,woodwarderin@example.org,001-617-785-2211x5871,54268 Green Vista,Williamsfort,ID,84756,USA,2023-07-26
445,Nancy,Hoover,holtrobert@example.com,877.572.9665,0140 Sara Roads,Lisamouth,ND,08743,USA,2022-12-22
446,Anthony,Hernandez,mark80@example.org,+1-522-314-2573x16094,8172 James Flat,Deanstad,VT,20708,USA,2025-01-26
447,Carolyn,Lopez,uthompson@example.org,001-973-552-5953x3222,992 Justin Walk,Vazquezbury,WY,46905,USA,2023-10-30
448,Michael,Johnson,jeremysimmons@example.net,(410)587-0826x9718,10712 Garcia Rue Apt. 882,Port Trevorchester,VT,34860,USA,2025-02-20
449,Scott,Baker,kimberly73@example.com,(633)622-2801,8922 Jessica Knoll,Brownburgh,GU,81494,USA,2024-04-21
450,John,Prince,nathanwilliams@example.com,001-273-911-8046x7413,84185 Alexander Shoals Apt. 362,Guerrerohaven,WY,38095,USA,2025-09-10
451,Diane,Hughes,uperez@example.com,647-305-5491x21516,556 Smith Skyway,New Jennifershire,IL,77955,USA,2024-03-26
452,Brian,Lara,wpayne@example.org,(904)326-2019,124 Shelley Ports,Port Jennifer,MH,81805,USA,2024-08-01
453,Richard,Knight,ppatel@example.com,873.212.6773x19227,9889 Wong Manor Suite 339,Jamesland,SC,50600,USA,2024-04-07
454,Matthew,Hall,jacob89@example.net,(902)819-1505,9747 Jennifer Alley Apt. 687,Torresside,TN,57551,USA,2024-12-24
455,Shannon,Collins,cevans@example.net,263-265-6045,55373 Brianna Lights Suite 969,South Scott,DE,83730,USA,2025-04-10
456,Jamie,Neal,derrick63@example.com,001-470-925-5128,364 Vanessa Walk Suite 948,Cherylstad,LA,54757,USA,2025-08-31
457,Nancy,Mcmahon,vwright@example.com,534-641-4916x9993,743 Wiley Greens Apt. 882,East Brandon,MA,66103,USA,2024-08-27
458,Vanessa,Caldwell,catherinewoods@example.org,+1-989-441-3210,217 Timothy Hollow,Jameschester,MN,44630,USA,2024-11-17
459,Alejandro,Turner,michelemartinez@example.org,001-264-261-2939,512 James Way,Cookfurt,VI,47193,USA,2025-02-12
460,Courtney,Franco,llee@example.com,7866199314,5663 Charles Plains,Brandonborough,LA,24561,USA,2023-09-05
461,Derek,Hodge,qmoore@example.net,247.642.4631,796 Harrington Plains,North Andreamouth,VT,93279,USA,2023-06-20
462,Olivia,Valdez,patrick90@example.org,+1-477-541-7430x4350,22894 Myers Falls Suite 523,East Abigail,FL,82238,USA,2023-11-12
463,Ashley,Rodriguez,taylordennis@example.com,903.303.3467,675 Samuel Meadow,Port Timothy,RI,46031,USA,2024-03-17
464,Darlene,Clark,rachelbrown@example.com,223-598-4723,202 Ellis Union Apt. 172,Lake Laura,LA,07332,USA,2024-06-15
465,Sabrina,Green,gonzalesnatasha@example.com,+1-471-677-5461,5838 Moore Springs,Fullermouth,NY,08901,USA,2023-08-20
466,Kimberly,Cooper,leviwilliams@example.net,(484)348-2373x3791,10187 Joe Key,Aguirreton,TN,10191,USA,2024-10-19
467,Barry,Soto,roytodd@example.net,792.451.9994,171 Gregory Park Suite 433,Whitetown,MN,38415,USA,2023-07-04
468,Luke,Cochran,danielthompson@example.net,001-663-630-8334,48878 Smith Mountain Apt. 205,Cannonstad,CA,80727,USA,2024-03-14
469,Claire,Mckee,kristinwest@example.com,(763)429-5634x2777,9206 Norma Keys,East Lisaberg,AK,86237,USA,2024-06-09
470,Marcus,Hancock,edwardmitchell@example.org,001-463-802-9559x63637,420 Bennett Isle,Cindytown,SD,88164,USA,2025-03-19
471,Diana,Wolf,colton31@example.org,4044983211,15481 Medina Ways,Stephensside,NM,53121,USA,2024-02-19
472,Mark,Hawkins,garciabrandi@example.net,9649420062,58566 Bautista Locks Suite 196,East Kenneth,HI,15153,USA,2025-06-19
473,Harold,Lee,jennifergraham@example.org,5413042948,789 Christopher Wall Suite 269,Barbarahaven,CT,85919,USA,2023-07-21
474,Jeffrey,Reynolds,danieldunn@example.org,(502)300-0532x85386,0524 Olivia Freeway,West Angelaburgh,MT,81234,USA,2023-08-06
475,Ryan,Carson,brownraymond@example.net,001-363-732-8389x63376,862 Gibson Gateway,Arnoldville,AL,10250,USA,2023-09-04
476,Rachel,Love,elizabethmoody@example.org,(318)983-5279,067 Cruz Run Apt. 659,North Cynthia,ND,69005,USA,2023-04-19
477,Stuart,Wallace,john19@example.org,(917)481-5969x83845,266 Dominguez View,Fergusonburgh,RI,46887,USA,2025-04-24
478,Christina,Watkins,taylorshane@example.com,(655)439-4607,4729 Henderson Hollow,Port Samuelfurt,NM,03331,USA,2025-04-05
479,Gina,Jimenez,trancaitlin@example.com,+1-559-694-6418,7347 Clark Street,South Kellyshire,ND,04165,USA,2023-12-31
480,Danielle,Drake,leslie92@example.net,2528102627,8900 Joseph Village Suite 581,North Angela,ND,75622,USA,2025-03-26
481,Timothy,Estrada,nancyballard@example.com,+1-783-899-7418,27500 Jason Springs,Jenniferfurt,CT,78118,USA,2025-05-28
482,Kelly,Grant,deanna05@example.com,001-993-478-4679x08701,001 Ronald Spurs Apt. 034,Kevinview,DC,79334,USA,2025-05-26
483,Stephanie,Hansen,longjoshua@example.com,(852)940-6221x5599,6222 Chelsea Isle,East Sarah,SD,86996,USA,2024-02-15
484,Kyle,Lester,qmcguire@example.com,584-755-9396x5213,1245 Robinson Expressway,North Joycefurt,DC,86800,USA,2023-08-28
485,Kimberly,Young,ariascarlos@example.net,001-727-772-6488x39585,94252 Garcia Crescent,Tracyland,NV,09225,USA,2023-02-07
486,Kyle,Davis,sabrina80@example.com,674.347.3535x247,59497 Jordan Vista Apt. 053,Dixontown,IN,26090,USA,2023-05-26
487,Haley,Allen,robertrusso@example.org,+1-789-426-0878x8281,730 Wilcox Mews Apt. 515,North Sean,ME,54056,USA,2024-04-04
488,Lisa,Mueller,saradaniel@example.com,6186915673,1776 Brittany Locks Apt. 433,Taylorshire,KS,49793,USA,2025-07-18
489,Chelsea,Andrews,vgreen@example.org,5012089857,521 Amber Lodge,Rebeccaburgh,SD,39142,USA,2024-07-11
490,Christine,Crosby,jill88@example.com,+1-497-395-7285x75958,21797 Lori Hills,Lake Charlene,VI,59726,USA,2023-03-21
491,Allison,Moon,vsmith@example.net,351-443-6728x681,038 Walton Vista,Port Christopherbury,RI,64947,USA,2025-02-27
492,Alexander,Nicholson,hillsabrina@example.net,001-899-821-7790x5528,51588 Karen Mountain,Port Marymouth,ID,17086,USA,2025-09-24
493,David,Allen,vsmith@example.org,001-410-738-2974,36090 Mckenzie Union Apt. 810,Markberg,ME,28311,USA,2024-10-30
494,Laura,Schmidt,richardbullock@example.net,866.527.1358,3900 Stephens Well,Davisport,NV,87750,USA,2023-12-01
495,John,Freeman,curtismichelle@example.com,(255)411-6436,7270 Amy Manor,Ortizmouth,PW,33186,USA,2024-02-15
496,Jonathan,Montoya,adrianagray@example.com,+1-261-701-9753x58464,38802 Baird Branch,Douglaschester,IL,55842,USA,2023-06-10
497,Shawn,Rice,bakerjonathon@example.com,001-239-853-0969,4909 Glen Plain Suite 987,Monicastad,DE,93157,USA,2023-11-17
498,David,Adams,amanda72@example.com,206.588.1164,98818 Harris Mountains Suite 583,East Richard,WV,62746,USA,2024-10-12
499,Alan,Smith,calderonclinton@example.net,853-486-0282,2041 Michelle Fort Apt. 905,Murraytown,KY,99848,USA,2024-01-22
500,Hannah,Combs,smithjasmine@example.com,919-632-4538x109,224 Johnson Stream,Hernandezfurt,KS,75780,USA,2024-08-07
